Unnamed: 0.1,id,imdb_id,popularity,budget,revenue,original_title,cast,director,tagline,keywords,overview,runtime,genres,vote_count,Year of release,Movie Rating,Gross collection,Name of movie,Popularity
0,278.0,tt0111161,7.192039,25000000.0,28341469.0,The Shawshank Redemption,Tim Robbins|Morgan Freeman|Bob Gunton|William Sadler|Clancy Brown,Frank Darabont,Fear can hold you prisoner. Hope can set you free.,prison|corruption|police brutality|prison cell|delinquent,"Framed in the 1940s for the double murder of his wife and her lover, upstanding banker Andy Dufresne begins a new life at the Shawshank prison, where he puts his accounting skills to work for an amoral warden. During his long stretch in prison, Dufresne comes to be admired by the other inmates -- including an older prisoner named Red -- for his integrity and unquenchable sense of hope.",142.0,Drama|Crime,5754.0,1994,9.3,$28.34M,,
1,238.0,tt0068646,5.738034,6000000.0,245066411.0,The Godfather,Marlon Brando|Al Pacino|James Caan|Richard S. Castellano|Robert Duvall,Francis Ford Coppola,An offer you can't refuse.,italy|love at first sight|loss of father|patriarch|organized crime,"Spanning the years 1945 to 1955, a chronicle of the fictional Italian-American Corleone crime family. When organized crime family patriarch, Vito Corleone barely survives an attempt on his life, his youngest son, Michael steps in to take care of the would-be killers, launching a campaign of bloody revenge.",175.0,Drama|Crime,3970.0,1972,9.2,$134.97M,,
2,155.0,tt0468569,8.466668,185000000.0,1001921825.0,The Dark Knight,Christian Bale|Michael Caine|Heath Ledger|Aaron Eckhart|Gary Oldman,Christopher Nolan,Why So Serious?,dc comics|crime fighter|secret identity|scarecrow|sadism,"Batman raises the stakes in his war on crime. With the help of Lt. Jim Gordon and District Attorney Harvey Dent, Batman sets out to dismantle the remaining criminal organizations that plague the streets. The partnership proves to be effective, but they soon find themselves prey to a reign of chaos unleashed by a rising criminal mastermind known to the terrified citizens of Gotham as the Joker.",152.0,Drama|Action|Crime|Thriller,8432.0,2008,9.0,$534.86M,,
3,424.0,tt0108052,2.377288,22000000.0,321265768.0,Schindler's List,Liam Neeson|Ben Kingsley|Ralph Fiennes|Caroline Goodall|Jonathan Sagall,Steven Spielberg,"Whoever saves one life, saves the world entire.",factory|concentration camp|hero|holocaust|world war ii,The true story of how businessman Oskar Schindler saved over a thousand Jewish lives from the Nazis while they worked as slaves in his factory during World War II.,195.0,Drama|History|War,2632.0,1993,9.0,$96.90M,,
4,122.0,tt0167260,7.122455,94000000.0,1118888979.0,The Lord of the Rings: The Return of the King,Elijah Wood|Ian McKellen|Viggo Mortensen|Liv Tyler|Orlando Bloom,Peter Jackson,The eye of the enemy is moving.,elves|orcs|middle-earth (tolkien)|based on novel|suspicion,"Aragorn is revealed as the heir to the ancient kings as he, Gandalf and the other members of the broken fellowship struggle to save Gondor from Sauron's forces. Meanwhile, Frodo and Sam bring the ring closer to the heart of Mordor, the dark lord's realm.",201.0,Adventure|Fantasy|Action,5636.0,2003,9.0,$377.85M,,
5,12219.0,tt0118528,0.24382,0.0,0.0,12 Angry Men,Courtney B. Vance|Ossie Davis|George C. Scott|Armin Mueller-Stahl|Dorian Harewood,William Friedkin,0,judge|jurors|death penalty|evidence|right and justice,"During the trial of a man accused of his father's murder, a lone juror takes a stand against the guilty verdict handed down by the others as a result of their preconceptions and prejudices. The film is adapted by Reginald Rose from his own 1957 film version (directed by Sidney Lumet) and from the Westinghouse One television production that predated it. George C. Scott won a Golden Globe for his supporting role; righteous juror Jack Lemmon was denied such an honor for Best Actor, but recipient Ving Rhames (for Don King) dedicated his award to Lemmon.",117.0,Crime|Drama,37.0,1957,9.0,$4.36M,,
6,,,4.237188379310346,44010464.62068965,282622788.5,The Godfather Part II,0,0,0,0,0,140.8793103448276,0,2911.5,1974,9.0,$57.30M,,
7,680.0,tt0110912,8.093754,8000000.0,213928762.0,Pulp Fiction,John Travolta|Samuel L. Jackson|Uma Thurman|Bruce Willis|Ving Rhames,Quentin Tarantino,Just because you are a character doesn't mean you have character.,transporter|brothel|drug dealer|boxer|massage,"A burger-loving hit man, his philosophical partner, a drug-addled gangster's moll and a washed-up boxer converge in this sprawling, comedic crime caper. Their adventures unfurl in three stories that ingeniously trip back and forth in time.",154.0,Thriller|Crime,5343.0,1994,8.9,$107.93M,,
8,27205.0,tt1375666,9.363643,160000000.0,825500000.0,Inception,Leonardo DiCaprio|Joseph Gordon-Levitt|Ellen Page|Tom Hardy|Ken Watanabe,Christopher Nolan,Your mind is the scene of the crime.,loss of lover|dream|sleep|subconsciousness|heist,"Cobb, a skilled thief who commits corporate espionage by infiltrating the subconscious of his targets is offered a chance to regain his old life as payment for a task considered to be impossible: ""inception"", the implantation of another person's idea into a target's subconscious.",148.0,Action|Thriller|Science Fiction|Mystery|Adventure,9767.0,2010,8.8,$292.58M,,
9,550.0,tt0137523,8.947905,63000000.0,100853753.0,Fight Club,Edward Norton|Brad Pitt|Meat Loaf|Jared Leto|Helena Bonham Carter,David Fincher,How much can you know about yourself if you've never been in a fight?,support group|dual identity|nihilism|rage and hate|insomnia,"A ticking-time-bomb insomniac and a slippery soap salesman channel primal male aggression into a shocking new form of therapy. Their concept catches on, with underground ""fight clubs"" forming in every town, until an eccentric gets in the way and ignites an out-of-control spiral toward oblivion.",139.0,Drama,5923.0,1999,8.8,$37.03M,,
10,120.0,tt0120737,8.575419,93000000.0,871368364.0,The Lord of the Rings: The Fellowship of the Ring,Elijah Wood|Ian McKellen|Viggo Mortensen|Liv Tyler|Orlando Bloom,Peter Jackson,One ring to rule them all,elves|dwarves|orcs|middle-earth (tolkien)|hobbits,"Young hobbit Frodo Baggins, after inheriting a mysterious ring from his uncle Bilbo, must leave his home in order to keep it from falling into the hands of its evil creator. Along the way, a fellowship is formed to protect the ringbearer and make sure that the ring arrives at its final destination: Mt. Doom, the only place where it can be destroyed.",178.0,Adventure|Fantasy|Action,6079.0,2001,8.8,$315.54M,,
11,13.0,tt0109830,6.715966,55000000.0,677945399.0,Forrest Gump,Tom Hanks|Robin Wright|Gary Sinise|Mykelti Williamson|Sally Field,Robert Zemeckis,"The world will never be the same, once you've seen it through the eyes of Forrest Gump.",vietnam veteran|hippie|mentally disabled|running|based on novel,"A man with a low IQ has accomplished great things in his life and been present during significant historic events - in each case, far exceeding what anyone imagined he could do. Yet, despite all the things he has attained, his one true love eludes him. 'Forrest Gump' is the story of a man who rose above his challenges, and who proved that determination, courage, and love are more important than ability.",142.0,Comedy|Drama|Romance,4856.0,1994,8.8,$330.25M,,
12,,,4.237188379310346,44010464.62068965,282622788.5,"The Good, the Bad and the Ugly",0,0,0,0,0,140.8793103448276,0,2911.5,1966,8.8,$6.10M,,
13,121.0,tt0167261,8.095275,79000000.0,926287400.0,The Lord of the Rings: The Two Towers,Elijah Wood|Ian McKellen|Viggo Mortensen|Liv Tyler|Orlando Bloom,Peter Jackson,A New Power Is Rising.,elves|orcs|middle-earth (tolkien)|hobbits|based on novel,"Frodo and Sam are trekking to Mordor to destroy the One Ring of Power while Gimli, Legolas and Aragorn search for the orc-captured Merry and Pippin. All along, nefarious wizard Saruman awaits the Fellowship members at the Orthanc Tower in Isengard.",179.0,Adventure|Fantasy|Action,5114.0,2002,8.8,$342.55M,,
14,,,4.237188379310346,44010464.62068965,282622788.5,Jai Bhim,0,0,0,0,0,140.8793103448276,0,2911.5,2021,8.8,#237,,
15,,,4.237188379310346,44010464.62068965,282622788.5,777 Charlie,0,0,0,0,0,140.8793103448276,0,2911.5,2022,8.8,*****,,
16,,,4.237188379310346,44010464.62068965,282622788.5,Rocketry: The Nambi Effect,0,0,0,0,0,140.8793103448276,0,2911.5,2022,8.8,*****,,
17,603.0,tt0133093,7.753899,63000000.0,463517383.0,The Matrix,Keanu Reeves|Laurence Fishburne|Carrie-Anne Moss|Hugo Weaving|Gloria Foster,Lilly Wachowski|Lana Wachowski,Welcome to the Real World.,saving the world|artificial intelligence|man vs machine|philosophy|prophecy,"Set in the 22nd century, The Matrix tells the story of a computer hacker who joins a group of underground insurgents fighting the vast and powerful computers who now rule the earth.",136.0,Action|Science Fiction,6351.0,1999,8.7,$171.48M,,
18,769.0,tt0099685,2.659926,25000000.0,46836394.0,Goodfellas,Robert De Niro|Ray Liotta|Joe Pesci|Lorraine Bracco|Paul Sorvino,Martin Scorsese,Three Decades of Life in the Mafia.,prison|helicopter|florida|1970s|mass murder,"Henry Hill is a small time gangster, who takes part in a robbery with Jimmy Conway and Tommy De Vito, two other gangsters who have set their sights a bit higher. His two partners kill off everyone else involved in the robbery, and slowly start to climb up through the hierarchy of the Mob. Henry, however, is badly affected by his partners success, but will he stoop low enough to bring about the downfall of Jimmy and Tommy?",146.0,Drama|Crime,1798.0,1990,8.7,$46.84M,,
19,510.0,tt0073486,3.258151,3000000.0,108981275.0,One Flew Over the Cuckoo's Nest,Jack Nicholson|Louise Fletcher|Danny DeVito|William Redfield|Scatman Crothers,MiloÅ¡ Forman,"If he's crazy, what does that make you?",individual|rebel|self-destruction|wheelchair|lunatic asylum,"While serving time for insanity at a state mental hospital, implacable rabble-rouser, Randle Patrick McMurphy inspires his fellow patients to rebel against the authoritarian rule of head nurse, Mildred Ratched.",133.0,Drama,1612.0,1975,8.7,$112.00M,,
20,,,4.237188379310346,44010464.62068965,282622788.5,Star Wars: Episode V - The Empire Strikes Back,0,0,0,0,0,140.8793103448276,0,2911.5,1980,8.7,$290.48M,,
21,,,4.237188379310346,44010464.62068965,282622788.5,Soorarai Pottru,0,0,0,0,0,140.8793103448276,0,2911.5,2020,8.7,*****,,
22,157336.0,tt0816692,24.949134,165000000.0,621752480.0,Interstellar,Matthew McConaughey|Jessica Chastain|Anne Hathaway|Michael Caine|Casey Affleck,Christopher Nolan,Mankind was born on Earth. It was never meant to die here.,saving the world|artificial intelligence|father-son relationship|single parent|nasa,Interstellar chronicles the adventures of a group of explorers who make use of a newly discovered wormhole to surpass the limitations on human space travel and conquer the vast distances involved in an interstellar voyage.,169.0,Adventure|Drama|Science Fiction,6498.0,2014,8.6,$188.02M,,
23,274.0,tt0102926,0.695385,19000000.0,272742922.0,The Silence of the Lambs,Jodie Foster|Anthony Hopkins|Scott Glenn|Ted Levine|Anthony Heald,Jonathan Demme,To enter the mind of a killer she must challenge the mind of a madman.,based on novel|psychopath|horror|suspense|serial killer,"FBI trainee, Clarice Starling ventures into a maximum-security asylum to pick the diseased brain of Hannibal Lecter, a psychiatrist turned homicidal cannibal. Starling needs clues to help her capture a serial killer. but her Faustian relationship with Lecter soon leads to his escape, and now two deranged killers are on the loose.",118.0,Crime|Drama|Thriller,2679.0,1991,8.6,$130.74M,,
24,807.0,tt0114369,4.765359,33000000.0,327311859.0,Se7en,Brad Pitt|Morgan Freeman|Gwyneth Paltrow|John C. McGinley|Kevin Spacey,David Fincher,Seven deadly sins. Seven ways to die.,self-fulfilling prophecy|detective|s.w.a.t.|drug dealer|evisceration,"Two homicide detectives are on a desperate hunt for a serial killer whose crimes are based on the ""seven deadly sins"" in this dark and haunting film that takes viewers from the tortured remains of one victim to the next. The seasoned Det. Sommerset researches each sin in an effort to get inside the killer's mind, while his novice partner, Mills, scoffs at his efforts to unravel the case.",127.0,Crime|Mystery|Thriller,3535.0,1995,8.6,$100.13M,,
25,11.0,tt0076759,12.037933,11000000.0,775398007.0,Star Wars,Mark Hamill|Harrison Ford|Carrie Fisher|Peter Cushing|Alec Guinness,George Lucas,"A long time ago in a galaxy far, far away...",android|galaxy|hermit|death star|lightsaber,Princess Leia is captured and held hostage by the evil Imperial forces in their effort to take over the galactic Empire. Venturesome Luke Skywalker and dashing captain Han Solo team together with the loveable robot duo R2-D2 and C-3PO to rescue the beautiful princess and restore peace and justice in the Empire.,121.0,Adventure|Action|Science Fiction,4428.0,1977,8.6,$322.74M,,
26,497.0,tt0120689,2.719461,60000000.0,284600000.0,The Green Mile,Tom Hanks|Michael Clarke Duncan|David Morse|Bonnie Hunt|James Cromwell,Frank Darabont,Miracles do happen.,southern u.s.|black people|mentally disabled|indian|heal,"A supernatural tale set on death row in a Southern prison, where gentle giant John Coffey possesses the mysterious power to heal people's ailments. When the cellblock's head guard, Paul Edgecomb, recognizes Coffey's miraculous gift, he tries desperately to help stave off the condemned man's execution.",189.0,Fantasy|Drama|Crime,2299.0,1999,8.6,$136.80M,,
27,,,4.237188379310346,44010464.62068965,282622788.5,Spirited Away,0,0,0,0,0,140.8793103448276,0,2911.5,2001,8.6,$10.06M,,
28,857.0,tt0120815,2.170136,70000000.0,481840909.0,Saving Private Ryan,Tom Hanks|Tom Sizemore|Dennis Farina|Max Martini|Joerg Stadler,Steven Spielberg,The mission is a man.,killing|loss of brother|loss of lover|war crimes|self sacrifice,"As U.S. troops storm the beaches of Normandy, three brothers lie dead on the battlefield, with a fourth trapped behind enemy lines. Ranger captain John Miller and seven men are tasked with penetrating German-held territory and bringing the boy home.",169.0,Drama|History|War,3396.0,1998,8.6,$216.54M,,
29,280.0,tt0103064,3.584406,100000000.0,520000000.0,Terminator 2: Judgment Day,Arnold Schwarzenegger|Linda Hamilton|Edward Furlong|Robert Patrick|Earl Boen,James Cameron,It's nothing personal.,cyborg|shotgun|post-apocalyptic|dystopia|stabbed in the eye,"Nearly 10 years have passed since Sarah Connor was targeted for termination by a cyborg from the future. Now her son, John, the future leader of the resistance, is the target for a newer, more deadly terminator. Once again, the resistance has managed to send a protector back to attempt to save John and his mother Sarah.",137.0,Action|Thriller|Science Fiction,2836.0,1991,8.6,$204.84M,,
30,,,4.237188379310346,44010464.62068965,282622788.5,City of God,0,0,0,0,0,140.8793103448276,0,2911.5,2002,8.6,$7.56M,,
31,,,4.237188379310346,44010464.62068965,282622788.5,Life Is Beautiful,0,0,0,0,0,140.8793103448276,0,2911.5,1997,8.6,$57.60M,,
32,,,4.237188379310346,44010464.62068965,282622788.5,Seven Samurai,0,0,0,0,0,140.8793103448276,0,2911.5,1954,8.6,$0.27M,,
33,,,4.237188379310346,44010464.62068965,282622788.5,It's a Wonderful Life,0,0,0,0,0,140.8793103448276,0,2911.5,1946,8.6,#20,,
34,,,4.237188379310346,44010464.62068965,282622788.5,Harakiri,0,0,0,0,0,140.8793103448276,0,2911.5,1962,8.6,#45,,
35,,,4.237188379310346,44010464.62068965,282622788.5,Sita Ramam,0,0,0,0,0,140.8793103448276,0,2911.5,2022,8.6,*****,,
36,348.0,tt0078748,4.935897,11000000.0,104931801.0,Alien,Sigourney Weaver|Tom Skerritt|Veronica Cartwright|Harry Dean Stanton|John Hurt,Ridley Scott,In space no one can hear you scream.,android|self-destruction|countdown|space marine|space suit,"During its return to the earth, commercial spaceship Nostromo intercepts a distress signal from a distant planet. When a three-member team of the crew discovers a chamber containing thousands of eggs on the planet, a creature inside one of the eggs attacks an explorer. The entire crew is unaware of the impending nightmare set to descend upon them when the alien parasite planted inside its unfortunate host is birthed.",117.0,Horror|Action|Thriller|Science Fiction,2724.0,1979,8.5,$78.90M,,
37,244786.0,tt2582802,4.780419,3300000.0,13993093.0,Whiplash,Miles Teller|J.K. Simmons|Melissa Benoist|Austin Stowell|Jayson Blair,Damien Chazelle,The road to greatness can take you to the edge.,jazz|obsession|conservatory|music teacher|new york city,"Under the direction of a ruthless instructor, a talented young drummer begins to pursue perfection at any cost, even his humanity.",105.0,Drama|Music,2372.0,2014,8.5,$13.09M,,
38,16219.0,tt0104346,0.291459,0.0,9.0,Gladiator,James Marshall|Cuba Gooding Jr.|Robert Loggia|Brian Dennehy|Cara Buono,Rowdy Herrington,Nobody owns Tommy Riley. Nobody.,sport|blood splatter|blood|boxing,A story of two teenagers trapped in the world of illegal underground boxing. One is fighting to save his fathers life and using the money pay off gambling debts accumulated by his father. The second is fighting for the money to get out of the ghettos. While being exploited by a boxing promoter the two teens become friends. An explosive ending puts the two friends in the ring against each other.,101.0,Action|Drama,10.0,2000,8.5,$187.71M,,
39,98.0,tt0172495,4.271452,103000000.0,457640427.0,Gladiator,Russell Crowe|Joaquin Phoenix|Connie Nielsen|Oliver Reed|Richard Harris,Ridley Scott,A Hero Will Rise.,rome|gladiator|roman empire|slavery|battlefield,"General Maximus' success in battle earns the favour of the Roman Empire's elderly Emperor at the expense of the Emperor's son. In a fit of jealous rage the son slays his father before turning his anger towards Maximus. Now reduced to a slave, and his family dead, Maximus must fight as a gladiator to gain his freedom â€“ and his revenge.",155.0,Action|Drama|Adventure,3531.0,2000,8.5,$187.71M,,
40,,,4.237188379310346,44010464.62068965,282622788.5,Parasite,0,0,0,0,0,140.8793103448276,0,2911.5,2019,8.5,$53.37M,,
41,105.0,tt0088763,6.095293,19000000.0,381109762.0,Back to the Future,Michael J. Fox|Christopher Lloyd|Lea Thompson|Crispin Glover|Thomas F. Wilson,Robert Zemeckis,He's the only kid ever to get into trouble before he was born.,clock tower|car race|terrorist|delorean|lightning,"Eighties teenager Marty McFly is accidentally sent back in time to 1955, inadvertently disrupting his parents' first meeting and attracting his mother's romantic interest. Marty must repair the damage to history by rekindling his parents' romance and - with the help of his eccentric inventor friend Doc Brown - return to 1985.",116.0,Adventure|Comedy|Science Fiction|Family,3785.0,1985,8.5,$210.61M,,
42,1422.0,tt0407887,2.81975,90000000.0,289847354.0,The Departed,Leonardo DiCaprio|Matt Damon|Jack Nicholson|Mark Wahlberg|Martin Sheen,Martin Scorsese,Lies. Betrayal. Sacrifice. How far will you take it?,undercover|boston|police|friends|mafia,"To take down South Boston's Irish Mafia, the police send in one of their own to infiltrate the underworld, not realizing the syndicate has done likewise. While an undercover cop curries favor with the mob kingpin, a career criminal rises through the police ranks. But both sides soon discover there's a mole among them.",151.0,Drama|Thriller|Crime,2635.0,2006,8.5,$132.38M,,
43,1124.0,tt0482571,2.582095,40000000.0,109676311.0,The Prestige,Hugh Jackman|Christian Bale|Michael Caine|Scarlett Johansson|Andy Serkis,Christopher Nolan,Are You Watching Closely?,competition|secret|obsession|magic|dying and death,"A mysterious story of two magicians whose intense rivalry leads them on a life-long battle for supremacy -- full of obsession, deceit and jealousy with dangerous and deadly consequences.",130.0,Drama|Mystery|Thriller,2519.0,2006,8.5,$53.09M,,
44,,,4.237188379310346,44010464.62068965,282622788.5,Léon: The Professional,0,0,0,0,0,140.8793103448276,0,2911.5,1994,8.5,$19.50M,,
45,8587.0,tt0110357,4.782688,45000000.0,788241776.0,The Lion King,Jonathan Taylor Thomas|Matthew Broderick|James Earl Jones|Jeremy Irons|Moira Kelly,Roger Allers|Rob Minkoff,Life's greatest adventure is finding your place in the Circle of Life.,loss of parents|wild boar|uncle|shaman|redemption,A young lion cub named Simba can't wait to be king. But his uncle craves the title for himself and will stop at nothing to get it.,89.0,Family|Animation|Drama,3489.0,1994,8.5,$422.78M,,
46,28.0,tt0078788,2.31952,31500000.0,83471511.0,Apocalypse Now,Martin Sheen|Marlon Brando|Robert Duvall|Laurence Fishburne|Sam Bottoms,Francis Ford Coppola,This is the end...,guerilla|river|vietnam|vietcong|cambodia,"At the height of the Vietnam war, Captain Benjamin Willard is sent on a dangerous mission that, officially, ""does not exist, nor will it ever exist."" His goal is to locate - and eliminate - a mysterious Green Beret Colonel named Walter Kurtz, who has been leading his personal army on illegal guerrilla missions into enemy territory.",153.0,Drama|War,1100.0,1979,8.5,$83.47M,,
47,423.0,tt0253474,2.364204,35000000.0,120072577.0,The Pianist,Adrien Brody|Thomas Kretschmann|Frank Finlay|Maureen Lipman|Emilia Fox,Roman Polanski,Music was his passion. Survival was his masterpiece.,individual|resistance|radio station|war crimes|loss of family,The Pianist is a film adapted from the biography of Wladyslaw Szpilman. A Jewish-Polish pianist who during the second world war lived and hid miraculously in Warsaw after having gone through a terrible tragedy. A film from Roman Polanski.,150.0,Drama|War,938.0,2002,8.5,$32.57M,,
48,11252.0,tt0155975,0.38868,60000000.0,37141130.0,Psycho,Vince Vaughn|Anne Heche|Julianne Moore|Viggo Mortensen|William H. Macy,Gus Van Sant,A new vision of a classic nightmare.,shower|motel|stolen money|based on ed gein,"Criminal on the run, Marion Crane takes refuge at the motel operated by Norman Bates - a troubled man whose victims encounter a grisly fate at the hands of his ""mother."" Marion soon becomes the next victim and her disappearance prompts inquiries from her sister and a private investigator. They both soon discover the morbid bond linking Norman to his mysterious ""mother"" at the Bates Motel. Relive the terror in an all new version of Alfred Hitchcock's masterpiece of suspenseâ€¦ Psycho.",105.0,Horror|Mystery|Thriller,112.0,1960,8.5,$32.00M,,
49,539.0,tt0054215,2.610362,806948.0,32000000.0,Psycho,Anthony Perkins|Vera Miles|John Gavin|Janet Leigh|Martin Balsam,Alfred Hitchcock,The master of suspense moves his cameras into the icy blackness of the unexplored!,hotel|clerk|arizona|shower|rain,"When larcenous real estate clerk Marion Crane goes on the lam with a wad of cash and hopes of starting a new life, she ends up at the notorious Bates Motel, where manager Norman Bates cares for his housebound mother. The place seems quirky, but fineâ€¦ until Marion decides to take a shower.",109.0,Drama|Horror|Thriller,1180.0,1960,8.5,$32.00M,,
50,629.0,tt0114814,3.440238,6000000.0,23341568.0,The Usual Suspects,Stephen Baldwin|Gabriel Byrne|Chazz Palminteri|Kevin Pollak|Pete Postlethwaite,Bryan Singer,Five Criminals. One Line Up. No Coincidence.,law|relatives|theft|criminal|criminal mastermind,"Held in an L.A. interrogation room, Verbal Kint attempts to convince the feds that a mythic crime lord, Keyser Soze, not only exists, but was also responsible for drawing him and his four partners into a multi-million dollar heist that ended with an explosion in San Pedro harbor â€“ leaving few survivors. Verbal lures his interrogators with an incredible story of the crime lord's almost supernatural prowess.",106.0,Drama|Crime|Thriller,1942.0,1995,8.5,$23.34M,,
51,,,4.237188379310346,44010464.62068965,282622788.5,Casablanca,0,0,0,0,0,140.8793103448276,0,2911.5,1942,8.5,$1.02M,,
52,73.0,tt0120586,1.333006,20000000.0,23875127.0,American History X,Edward Norton|Edward Furlong|Beverly D'Angelo|Avery Brooks|Jennifer Lien,Tony Kaye,Some Legacies Must End.,usa|neo-nazi|prison|skinhead|brother brother relationship,"Derek Vineyard is paroled after serving 3 years in prison for killing two thugs who tried to break into/steal his truck. Through his brother, Danny Vineyard's narration, we learn that before going to prison, Derek was a skinhead and the leader of a violent white supremacist gang that committed acts of racial crime throughout L.A. and his actions greatly influenced Danny. Reformed and fresh out of prison, Derek severs contact with the gang and becomes determined to keep Danny from going down the same violent path as he did.",119.0,Drama,1563.0,1998,8.5,$6.72M,,
53,,,4.237188379310346,44010464.62068965,282622788.5,The Intouchables,0,0,0,0,0,140.8793103448276,0,2911.5,2011,8.5,$13.18M,,
54,,,4.237188379310346,44010464.62068965,282622788.5,Once Upon a Time in the West,0,0,0,0,0,140.8793103448276,0,2911.5,1968,8.5,$5.32M,,
55,,,4.237188379310346,44010464.62068965,282622788.5,Grave of the Fireflies,0,0,0,0,0,140.8793103448276,0,2911.5,1988,8.5,#44,,
56,,,4.237188379310346,44010464.62068965,282622788.5,Cinema Paradiso,0,0,0,0,0,140.8793103448276,0,2911.5,1988,8.5,$11.99M,,
57,11603.0,tt0166322,0.18093,0.0,0.0,Rear Window,Christopher Reeve|Daryl Hannah|Robert Forster|Ruben Santiago-Hudson|Anne Twomey,Jeff Bleckner,Who's watching who?,architect|wheelchair|leave|murder|hitchcockian,Modern remake of Rear Window in which the lead character is paralyzed and lives in a high-tech home filled with assistive technology.,89.0,Drama|Thriller|TV Movie,10.0,1954,8.5,$36.76M,,
58,,,4.237188379310346,44010464.62068965,282622788.5,Modern Times,0,0,0,0,0,140.8793103448276,0,2911.5,1936,8.5,$0.16M,,
59,,,4.237188379310346,44010464.62068965,282622788.5,Kaithi,0,0,0,0,0,140.8793103448276,0,2911.5,2019,8.5,*****,,
60,,,4.237188379310346,44010464.62068965,282622788.5,City Lights,0,0,0,0,0,140.8793103448276,0,2911.5,1931,8.5,$0.02M,,
61,,,4.237188379310346,44010464.62068965,282622788.5,96,0,0,0,0,0,140.8793103448276,0,2911.5,II 2018,8.5,*****,,
62,,,4.237188379310346,44010464.62068965,282622788.5,Avengers: Endgame,0,0,0,0,0,140.8793103448276,0,2911.5,2019,8.4,$858.37M,,
63,,,4.237188379310346,44010464.62068965,282622788.5,Joker,0,0,0,0,0,140.8793103448276,0,2911.5,I 2019,8.4,$335.45M,,
64,,,4.237188379310346,44010464.62068965,282622788.5,Spider-Man: Into the Spider-Verse,0,0,0,0,0,140.8793103448276,0,2911.5,2018,8.4,$190.24M,,
65,85.0,tt0082971,4.5783,18000000.0,389925971.0,Raiders of the Lost Ark,Harrison Ford|Karen Allen|Paul Freeman|Ronald Lacey|John Rhys-Davies,Steven Spielberg,Indiana Jones - the new hero from the creators of JAWS and STAR WARS.,saving the world|riddle|nepal|himalaya|cairo,"When Dr. Indiana Jones â€“ the tweed-suited professor who just happens to be a celebrated archaeologist â€“ is hired by the government to locate the legendary Ark of the Covenant, he finds himself up against the entire Nazi regime.",115.0,Adventure|Action,2506.0,1981,8.4,$248.16M,,
66,,,4.237188379310346,44010464.62068965,282622788.5,Your Name.,0,0,0,0,0,140.8793103448276,0,2911.5,2016,8.4,$5.02M,,
67,679.0,tt0090605,2.485419,18500000.0,131060248.0,Aliens,Sigourney Weaver|Carrie Henn|Michael Biehn|Lance Henriksen|Paul Reiser,James Cameron,This Time It's War,android|extraterrestrial technology|space marine|spaceman|cryogenics,"When Ripley's lifepod is found by a salvage crew over 50 years later, she finds that terra-formers are on the very planet they found the alien species. When the company sends a family of colonists out to investigate her story, all contact is lost with the planet and colonists. They enlist Ripley and the colonial marines to return and search for answers.",137.0,Horror|Action|Thriller|Science Fiction,2027.0,1986,8.4,$85.16M,,
68,,,4.237188379310346,44010464.62068965,282622788.5,Avengers: Infinity War,0,0,0,0,0,140.8793103448276,0,2911.5,2018,8.4,$678.82M,,
69,68718.0,tt1853728,5.944518,100000000.0,425368238.0,Django Unchained,Jamie Foxx|Christoph Waltz|Leonardo DiCaprio|Kerry Washington|Samuel L. Jackson,Quentin Tarantino,"Life, liberty and the pursuit of vengeance.",bounty hunter|hero|plantation|society|friendship,"With the help of a German bounty hunter, a freed slave sets out to rescue his wife from a brutal Mississippi plantation owner.",165.0,Drama|Western,7375.0,2012,8.4,$162.81M,,
70,106035.0,tt0118460,0.427343,0.0,0.0,The Shining,Steven Weber|Rebecca De Mornay|Stephen King|Wil Horneff|Courtland Mead,Mick Garris,110 empty hotel rooms - filled with horror!,hotel|teacher|tv mini-series|cameo appearance|family violence,"John Torrance is a writer &amp; recovering alcoholic, who ends up taking a job as a winter caretaker for a remote Colorado hotel which he seeks as an opportunity to finish a piece of work. With his wife and son with him, the caretaker settles in, only to see visions of the hotel's long deceased employees and guests. With evil intentions, they manipulate him into his dark side which takes a toll on he and his family.",273.0,Drama|Horror|Thriller|TV Movie,37.0,1980,8.4,$44.02M,,
71,694.0,tt0081505,2.432001,19000000.0,44017374.0,The Shining,Jack Nicholson|Shelley Duvall|Danny Lloyd|Scatman Crothers|Barry Nelson,Stanley Kubrick,A masterpiece of modern horror.,hotel|isolation|hotelier|colorado|maze,"Jack Torrance accepts a caretaker job at the Overlook Hotel, where he, along with his wife Wendy and their son Danny, must live isolated from the rest of the world for the winter. But they aren't prepared for the madness that lurks within.",144.0,Horror|Thriller,1894.0,1980,8.4,$44.02M,,
72,87516.0,tt1321511,1.064357,30000000.0,4861022.0,Oldboy,Josh Brolin|Elizabeth Olsen|Samuel L. Jackson|Sharlto Copley|Lance Reddick,Spike Lee,Ask not why you were imprisoned. Ask why you were set free.,imprisonment|remake of korean film,An everyday man has only three and a half days and limited resources to discover why he was imprisoned in a nondescript room for 20 years without any explanation.,104.0,Drama|Thriller|Mystery|Action,403.0,2003,8.4,$0.71M,,
73,49026.0,tt1345836,6.591277,250000000.0,1081041287.0,The Dark Knight Rises,Christian Bale|Michael Caine|Gary Oldman|Anne Hathaway|Tom Hardy,Christopher Nolan,The Legend Ends,dc comics|crime fighter|terrorist|secret identity|burglar,"Following the death of District Attorney Harvey Dent, Batman assumes responsibility for Dent's crimes to protect the late attorney's reputation and is subsequently hunted by the Gotham City Police Department. Eight years later, Batman encounters the mysterious Selina Kyle and the villainous Bane, a new terrorist leader who overwhelms Gotham's finest. The Dark Knight resurfaces to protect a city that has branded him an enemy.",165.0,Action|Crime|Drama|Thriller,6723.0,2012,8.4,$448.14M,,
74,77.0,tt0209144,3.095625,9000000.0,39723096.0,Memento,Guy Pearce|Carrie-Anne Moss|Joe Pantoliano|Mark Boone Junior|Russ Fega,Christopher Nolan,Some memories are best forgotten.,individual|insulin|tattoo|waitress|amnesia,"Suffering short-term memory loss after a head injury, Leonard Shelby embarks on a grim quest to find the lowlife who murdered his wife in this gritty, complex thriller that packs more knots than a hangman's noose. To carry out his plan, Shelby snaps Polaroids of people and places, jotting down contextual notes on the backs of photos to aid in his search and jog his memory. He even tattoos his own body in a desperate bid to remember.",113.0,Mystery|Thriller,2144.0,2000,8.4,$25.54M,,
75,,,4.237188379310346,44010464.62068965,282622788.5,Come and See,0,0,0,0,0,140.8793103448276,0,2911.5,1985,8.4,#92,,
76,197.0,tt0112573,2.533323,72000000.0,210000000.0,Braveheart,Mel Gibson|Catherine McCormack|Sophie Marceau|Patrick McGoohan|Angus Macfadyen,Mel Gibson,Every man dies.  Not every man truly lives.,individual|scotland|in love with enemy|legend|independence,"Enraged at the slaughter of Murron, his new bride and childhood love, legendary Scottish warrior William Wallace slays a platoon of the local English lord's soldiers. This leads the village to revolt and, eventually, the entire country to rise up against English rule.",177.0,Action|Drama|History|War,2205.0,1995,8.4,$75.60M,,
77,,,4.237188379310346,44010464.62068965,282622788.5,Das Boot,0,0,0,0,0,140.8793103448276,0,2911.5,1981,8.4,$11.49M,,
78,,,4.237188379310346,44010464.62068965,282622788.5,WALL·E,0,0,0,0,0,140.8793103448276,0,2911.5,2008,8.4,$223.81M,,
79,18955.0,tt1262877,0.141098,0.0,0.0,Coco,Gad Elmaleh|Pascale Arbillot|Manu Payet|Jean Benguigui|Ary Abittan,Gad Elmaleh,0,0,"Coco is a French comedy released in 2009 and produced by Gad Elmaleh. This is the first embodiment of the actor, adapted from a sketch in the show La Vie Normale. Coco talks about organizing a Bar Mitzvah.",95.0,Comedy,67.0,I 2017,8.4,$209.73M,,
80,279.0,tt0086879,1.682283,18000000.0,51973029.0,Amadeus,F. Murray Abraham|Tom Hulce|Elizabeth Berridge|Roy Dotrice|Simon Callow,MiloÅ¡ Forman,...Everything you've heard is true,italy|composer|opera|talent|musician,"The incredible story of genius musician Wolfgang Amadeus Mozart, told in flashback by his peer and secret rival Antonio Salieri â€“ now confined to an insane asylum.",160.0,Drama|History|Music,560.0,1984,8.4,$51.97M,,
81,,,4.237188379310346,44010464.62068965,282622788.5,The Lives of Others,0,0,0,0,0,140.8793103448276,0,2911.5,2006,8.4,$11.29M,,
82,,,4.237188379310346,44010464.62068965,282622788.5,Capernaum,0,0,0,0,0,140.8793103448276,0,2911.5,2018,8.4,$1.66M,,
83,935.0,tt0057012,2.210475,1800000.0,9440272.0,Dr. Strangelove or: How I Learned to Stop Worrying and Love the Bomb,Peter Sellers|George C. Scott|Sterling Hayden|Keenan Wynn|Slim Pickens,Stanley Kubrick,The hot-line suspense comedy,u.s. president|general|cold war|strategic air command|nuclear missile,An insane general starts a process to nuclear holocaust that a war room of politicians and generals frantically try to stop. A classic black and white war satire from director Stanley Kubrick starring Peter Sellers.,95.0,Drama|Comedy|War,804.0,1964,8.4,$0.28M,,
84,,,4.237188379310346,44010464.62068965,282622788.5,Sunset Blvd.,0,0,0,0,0,140.8793103448276,0,2911.5,1950,8.4,#59,,
85,20453.0,tt1187043,0.816681,9000000.0,70000000.0,3 Idiots,Aamir Khan|Kareena Kapoor|Madhavan|Sharman Joshi|Boman Irani,Rajkumar Hirani,Don't BE A STUPID BE AN I.D.I.O.T.,suicide|suicide attempt|college|friends|engineering,"In the tradition of â€œFerris Buellerâ€™s Day Offâ€ comes this refreshing comedy about a rebellious prankster with a crafty mind and a heart of gold. Rascal. Joker. Dreamer. Genius... You've never met a college student quite like ""Rancho."" From the moment he arrives at India's most prestigious university, Rancho's outlandish schemes turn the campus upside downâ€”along with the lives of his two newfound best friends. Together, they make life miserable for ""Virus,"" the schoolâ€™s uptight and heartless dean. But when Rancho catches the eye of the dean's sexy daughter, Virus sets his sights on flunking out the ""3 idiots"" once and for all.",170.0,Drama|Comedy|Romance,662.0,2009,8.4,$6.53M,,
86,,,4.237188379310346,44010464.62068965,282622788.5,Witness for the Prosecution,0,0,0,0,0,140.8793103448276,0,2911.5,1957,8.4,$8.18M,,
87,,,4.237188379310346,44010464.62068965,282622788.5,Paths of Glory,0,0,0,0,0,140.8793103448276,0,2911.5,1957,8.4,#60,,
88,,,4.237188379310346,44010464.62068965,282622788.5,The Great Dictator,0,0,0,0,0,140.8793103448276,0,2911.5,1940,8.4,$0.29M,,
89,,,4.237188379310346,44010464.62068965,282622788.5,High and Low,0,0,0,0,0,140.8793103448276,0,2911.5,1963,8.4,#86,,
90,,,4.237188379310346,44010464.62068965,282622788.5,Sardar Udham,0,0,0,0,0,140.8793103448276,0,2911.5,2021,8.4,*****,,
91,,,4.237188379310346,44010464.62068965,282622788.5,Asuran,0,0,0,0,0,140.8793103448276,0,2911.5,2019,8.4,*****,,
92,,,4.237188379310346,44010464.62068965,282622788.5,Drishyam 2,0,0,0,0,0,140.8793103448276,0,2911.5,2021,8.4,*****,,
93,,,4.237188379310346,44010464.62068965,282622788.5,Top Gun: Maverick,0,0,0,0,0,140.8793103448276,0,2911.5,2022,8.3,$718.73M,,
94,489.0,tt0119217,2.202087,10000000.0,225933435.0,Good Will Hunting,Robin Williams|Matt Damon|Ben Affleck|Stellan SkarsgÃ¥rd|Minnie Driver,Gus Van Sant,"Some people can never believe in themselves, until someone believes in them.",sex|baseball|boston|professor|m.i.t.,"Will Hunting, a janitor at MIT, has a gift for mathematics but needs help from a psychologist to find direction in his life.",126.0,Drama,1592.0,1997,8.3,$138.43M,,
95,16869.0,tt0361748,6.098027,70000000.0,319131050.0,Inglourious Basterds,Brad Pitt|MÃ©lanie Laurent|Christoph Waltz|Eli Roth|Michael Fassbender,Quentin Tarantino,Once upon a time in Nazi occupied France...,paris|guerilla|cinema|self sacrifice|dynamite,"In Nazi-occupied France during World War II, a group of Jewish-American soldiers known as ""The Basterds"" are chosen specifically to spread fear throughout the Third Reich by scalping and brutally killing Nazis. The Basterds, lead by Lt. Aldo Raine soon cross paths with a French-Jewish teenage girl who runs a movie theater in Paris which is targeted by the soldiers.",153.0,Drama|Action|Thriller|War,3969.0,2009,8.3,$120.54M,,
96,641.0,tt0180093,1.050687,4500000.0,7390108.0,Requiem for a Dream,Ellen Burstyn|Jared Leto|Jennifer Connelly|Marlon Wayans|Christopher McDonald,Darren Aronofsky,0,drug addiction|junkie|heroin|speed|diet,The hopes and dreams of four ambitious people are shattered when their drug addictions begin spiraling out of control. A look into addiction and how it overcomes the mind and body.,102.0,Drama,1316.0,2000,8.3,$3.64M,,
97,949.0,tt0113277,1.847583,60000000.0,187436818.0,Heat,Al Pacino|Robert De Niro|Val Kilmer|Jon Voight|Tom Sizemore,Michael Mann,A Los Angeles crime saga,gambling|suicide attempt|burglar|booties|detective inspector,"Obsessive master thief, Neil McCauley leads a top-notch crew on various daring heists throughout Los Angeles while determined detective, Vincent Hanna pursues him without rest. Each man recognizes and respects the ability and the dedication of the other even though they are aware their cat-and-mouse game may end in violence.",171.0,Action|Crime|Drama|Thriller,1104.0,1995,8.3,$67.44M,,
98,111.0,tt0086250,3.178818,25000000.0,65884703.0,Scarface,Al Pacino|Steven Bauer|Michelle Pfeiffer|Mary Elizabeth Mastrantonio|Robert Loggia,Brian De Palma,The world is yours...,miami|corruption|capitalism|cuba|prohibition,"After getting a green card in exchange for assassinating a Cuban government official, Tony Montana stakes a claim on the drug trade in Miami. Viciously murdering anyone who stands in his way, Tony eventually becomes the biggest drug lord in the state, controlling nearly all the cocaine that comes through Miami. But increased pressure from the police, wars with Colombian drug cartels and his own drug-fueled paranoia serve to fuel the flames of his eventual downfall.",170.0,Action|Crime|Drama|Thriller,1741.0,1983,8.3,$45.60M,,
99,,,4.237188379310346,44010464.62068965,282622788.5,Star Wars: Episode VI - Return of the Jedi,0,0,0,0,0,140.8793103448276,0,2911.5,1983,8.3,$309.13M,,
100,14.0,tt0169547,3.55572,15000000.0,356296601.0,American Beauty,Kevin Spacey|Annette Bening|Thora Birch|Wes Bentley|Mena Suvari,Sam Mendes,Look closer.,adultery|coming out|loss of father|first time|camcorder,"Lester Burnham, a depressed suburban father in a mid-life crisis, decides to turn his hectic life around after developing an infatuation with his daughter's attractive friend.",122.0,Drama,1756.0,1999,8.3,$130.10M,,
101,185.0,tt0066921,3.072555,2200000.0,26589000.0,A Clockwork Orange,Malcolm McDowell|Patrick Magee|Adrienne Corri|Michael Bates|Warren Clarke,Stanley Kubrick,"Being the adventures of a young man whose principal interests are rape, ultra-violence and Beethoven.",prison|street gang|rape|adolescence|sexuality,"The head of a gang of toughs, in an insensitive futuristic society, is conditioned to become physically ill at sex and violence during a prison sentence. When he is released, he's brutally beaten by all of his old adversaries.",136.0,Science Fiction|Drama,1786.0,1971,8.3,$6.21M,,
102,600.0,tt0093058,2.0267,17000000.0,46357676.0,Full Metal Jacket,Matthew Modine|Adam Baldwin|Vincent D'Onofrio|R. Lee Ermey|Dorian Harewood,Stanley Kubrick,"Vietnam can kill me, but it canâ€™t make me care.",suicide|prostitute|helicopter|based on novel|journalism,A pragmatic U.S. Marine observes the dehumanizing effects the U.S.-Vietnam War has on his fellow recruits from their brutal boot camp training to the bloody street fighting in Hue.,116.0,Drama|War,1311.0,1987,8.3,$46.36M,,
0,,,4.237188379310346,44010464.62068965,282622788.5,0,0,0,0,0,0,140.8793103448276,0,2911.5,2022,7.7,Unknown,Avatar: The Way of Water,2653.101
1,,,4.237188379310346,44010464.62068965,282622788.5,0,0,0,0,0,0,140.8793103448276,0,2911.5,2022,8.3,Unknown,Puss in Boots: The Last Wish,1011.998
2,,,4.237188379310346,44010464.62068965,282622788.5,0,0,0,0,0,0,140.8793103448276,0,2911.5,2022,5.9,Unknown,Adrenaline,978.055
3,,,4.237188379310346,44010464.62068965,282622788.5,0,0,0,0,0,0,140.8793103448276,0,2911.5,2022,6.5,Unknown,Pirates Down the Street II: The Ninjas from Across,871.288
4,,,4.237188379310346,44010464.62068965,282622788.5,0,0,0,0,0,0,140.8793103448276,0,2911.5,2022,6.0,Unknown,Attack on Titan,705.932
5,,,4.237188379310346,44010464.62068965,282622788.5,0,0,0,0,0,0,140.8793103448276,0,2911.5,2023,6.1,Unknown,The Communion Girl,655.27
6,,,4.237188379310346,44010464.62068965,282622788.5,0,0,0,0,0,0,140.8793103448276,0,2911.5,2022,7.3,Unknown,Black Panther: Wakanda Forever,630.084
7,,,4.237188379310346,44010464.62068965,282622788.5,0,0,0,0,0,0,140.8793103448276,0,2911.5,2023,5.8,Unknown,The Elderly,606.454
8,,,4.237188379310346,44010464.62068965,282622788.5,0,0,0,0,0,0,140.8793103448276,0,2911.5,2023,6.3,Unknown,Supercell,593.014
9,,,4.237188379310346,44010464.62068965,282622788.5,0,0,0,0,0,0,140.8793103448276,0,2911.5,2023,7.1,Unknown,Sisu,559.959
10,,,4.237188379310346,44010464.62068965,282622788.5,0,0,0,0,0,0,140.8793103448276,0,2911.5,2022,7.1,Unknown,Black Adam,528.922
11,,,4.237188379310346,44010464.62068965,282622788.5,0,0,0,0,0,0,140.8793103448276,0,2911.5,2022,7.6,Unknown,That Time I Got Reincarnated as a Slime the Movie: Scarlet Bond,486.628
12,,,4.237188379310346,44010464.62068965,282622788.5,0,0,0,0,0,0,140.8793103448276,0,2911.5,2023,6.3,Unknown,The Devil Conspiracy,452.57
13,,,4.237188379310346,44010464.62068965,282622788.5,0,0,0,0,0,0,140.8793103448276,0,2911.5,2022,7.4,Unknown,M3GAN,445.351
14,,,4.237188379310346,44010464.62068965,282622788.5,0,0,0,0,0,0,140.8793103448276,0,2911.5,2022,7.8,Unknown,Marcel the Shell with Shoes On,442.464
15,,,4.237188379310346,44010464.62068965,282622788.5,0,0,0,0,0,0,140.8793103448276,0,2911.5,2022,6.2,Unknown,Prizefighter: The Life of Jem Belcher,412.998
16,,,4.237188379310346,44010464.62068965,282622788.5,0,0,0,0,0,0,140.8793103448276,0,2911.5,2022,6.3,Unknown,Shotgun Wedding,361.028
17,,,4.237188379310346,44010464.62068965,282622788.5,0,0,0,0,0,0,140.8793103448276,0,2911.5,2022,5.8,Unknown,The Exorcist,357.499
18,,,4.237188379310346,44010464.62068965,282622788.5,0,0,0,0,0,0,140.8793103448276,0,2911.5,2022,7.0,Unknown,The Amazing Maurice,353.378
19,,,4.237188379310346,44010464.62068965,282622788.5,0,0,0,0,0,0,140.8793103448276,0,2911.5,2022,8.5,Unknown,The Quintessential Quintuplets Movie,348.572
20,,,4.237188379310346,44010464.62068965,282622788.5,0,0,0,0,0,0,140.8793103448276,0,2911.5,2022,7.3,Unknown,Fall,325.233
21,,,4.237188379310346,44010464.62068965,282622788.5,0,0,0,0,0,0,140.8793103448276,0,2911.5,2023,6.0,Unknown,Cazadora,315.153
22,,,4.237188379310346,44010464.62068965,282622788.5,0,0,0,0,0,0,140.8793103448276,0,2911.5,2022,5.3,Unknown,Shark Side of the Moon,314.586
23,,,4.237188379310346,44010464.62068965,282622788.5,0,0,0,0,0,0,140.8793103448276,0,2911.5,2009,6.1,Unknown,The Forbidden Legend: Sex & Chopsticks 2,297.037
24,,,4.237188379310346,44010464.62068965,282622788.5,0,0,0,0,0,0,140.8793103448276,0,2911.5,2022,7.5,Unknown,Sniper: The White Raven,290.476
25,,,4.237188379310346,44010464.62068965,282622788.5,0,0,0,0,0,0,140.8793103448276,0,2911.5,2022,5.9,Unknown,"To Me, the One Who Loved You",282.439
26,,,4.237188379310346,44010464.62068965,282622788.5,0,0,0,0,0,0,140.8793103448276,0,2911.5,2022,6.3,Unknown,To Every You I've Loved Before,277.88
27,,,4.237188379310346,44010464.62068965,282622788.5,0,0,0,0,0,0,140.8793103448276,0,2911.5,2022,6.6,Unknown,Thor: Love and Thunder,275.292
28,,,4.237188379310346,44010464.62068965,282622788.5,0,0,0,0,0,0,140.8793103448276,0,2911.5,2023,4.8,Unknown,Ip Man: The Awakening,269.679
29,,,4.237188379310346,44010464.62068965,282622788.5,0,0,0,0,0,0,140.8793103448276,0,2911.5,2022,8.3,Unknown,Top Gun: Maverick,268.515
30,,,4.237188379310346,44010464.62068965,282622788.5,0,0,0,0,0,0,140.8793103448276,0,2911.5,2021,8.0,Unknown,Spider-Man: No Way Home,268.21
31,,,4.237188379310346,44010464.62068965,282622788.5,0,0,0,0,0,0,140.8793103448276,0,2911.5,2017,7.6,Unknown,Guardians of the Galaxy Vol. 2,267.644
32,,,4.237188379310346,44010464.62068965,282622788.5,0,0,0,0,0,0,140.8793103448276,0,2911.5,2022,6.6,Unknown,Gold Run,265.826
33,,,4.237188379310346,44010464.62068965,282622788.5,0,0,0,0,0,0,140.8793103448276,0,2911.5,2022,6.7,Unknown,Troll,244.927
34,,,4.237188379310346,44010464.62068965,282622788.5,0,0,0,0,0,0,140.8793103448276,0,2911.5,2022,6.3,Unknown,The Stranger in Our Bed,235.716
35,,,4.237188379310346,44010464.62068965,282622788.5,0,0,0,0,0,0,140.8793103448276,0,2911.5,2019,7.4,Unknown,John Wick: Chapter 3 - Parabellum,235.226
36,,,4.237188379310346,44010464.62068965,282622788.5,0,0,0,0,0,0,140.8793103448276,0,2911.5,2018,2.2,Unknown,My Girlfriend's Mother 2,233.148
37,,,4.237188379310346,44010464.62068965,282622788.5,0,0,0,0,0,0,140.8793103448276,0,2911.5,2022,6.9,Unknown,Jurassic World Dominion,232.285
38,,,4.237188379310346,44010464.62068965,282622788.5,0,0,0,0,0,0,140.8793103448276,0,2911.5,2022,6.7,Unknown,Scream,230.748
39,,,4.237188379310346,44010464.62068965,282622788.5,0,0,0,0,0,0,140.8793103448276,0,2911.5,2013,6.5,Unknown,Evil Dead,228.312
40,,,4.237188379310346,44010464.62068965,282622788.5,0,0,0,0,0,0,140.8793103448276,0,2911.5,2019,7.9,Unknown,Demon Slayer: Kimetsu no Yaiba Sibling's Bond,225.075
41,,,4.237188379310346,44010464.62068965,282622788.5,0,0,0,0,0,0,140.8793103448276,0,2911.5,2020,8.3,Unknown,Demon Slayer -Kimetsu no Yaiba- The Movie: Mugen Train,219.9
42,,,4.237188379310346,44010464.62068965,282622788.5,0,0,0,0,0,0,140.8793103448276,0,2911.5,2022,7.4,Unknown,Doctor Strange in the Multiverse of Madness,217.206
43,,,4.237188379310346,44010464.62068965,282622788.5,0,0,0,0,0,0,140.8793103448276,0,2911.5,2022,8.0,Unknown,Suzume,214.391
44,,,4.237188379310346,44010464.62068965,282622788.5,0,0,0,0,0,0,140.8793103448276,0,2911.5,2022,7.1,Unknown,Prey for the Devil,212.761
45,,,4.237188379310346,44010464.62068965,282622788.5,0,0,0,0,0,0,140.8793103448276,0,2911.5,2022,7.6,Unknown,Sonic the Hedgehog 2,212.138
46,,,4.237188379310346,44010464.62068965,282622788.5,0,0,0,0,0,0,140.8793103448276,0,2911.5,2022,7.8,Unknown,The Woman King,208.367
47,,,4.237188379310346,44010464.62068965,282622788.5,0,0,0,0,0,0,140.8793103448276,0,2911.5,2022,7.3,Unknown,Devotion,206.151
48,,,4.237188379310346,44010464.62068965,282622788.5,0,0,0,0,0,0,140.8793103448276,0,2911.5,2022,7.1,Unknown,Encanto at the Hollywood Bowl,205.207
49,,,4.237188379310346,44010464.62068965,282622788.5,0,0,0,0,0,0,140.8793103448276,0,2911.5,2022,7.8,Unknown,Prey,205.058
50,,,4.237188379310346,44010464.62068965,282622788.5,0,0,0,0,0,0,140.8793103448276,0,2911.5,2021,7.8,Unknown,Dune,202.296
51,,,4.237188379310346,44010464.62068965,282622788.5,0,0,0,0,0,0,140.8793103448276,0,2911.5,2022,7.2,Unknown,Solo Somos Carne,200.438
52,,,4.237188379310346,44010464.62068965,282622788.5,0,0,0,0,0,0,140.8793103448276,0,2911.5,2017,7.3,Unknown,John Wick: Chapter 2,200.148
53,,,4.237188379310346,44010464.62068965,282622788.5,0,0,0,0,0,0,140.8793103448276,0,2911.5,2022,6.6,Unknown,R.I.P.D. 2: Rise of the Damned,199.798
54,,,4.237188379310346,44010464.62068965,282622788.5,0,0,0,0,0,0,140.8793103448276,0,2911.5,2022,7.5,Unknown,Violent Night,199.721
55,,,4.237188379310346,44010464.62068965,282622788.5,0,0,0,0,0,0,140.8793103448276,0,2911.5,2022,6.1,Unknown,Bandit,199.233
56,,,4.237188379310346,44010464.62068965,282622788.5,0,0,0,0,0,0,140.8793103448276,0,2911.5,2022,5.2,Unknown,The Simpsons Meet the Bocellis in Feliz Navidad,198.562
57,,,4.237188379310346,44010464.62068965,282622788.5,0,0,0,0,0,0,140.8793103448276,0,2911.5,2022,6.0,Unknown,Diabolik - Ginko Attacks,196.798
58,,,4.237188379310346,44010464.62068965,282622788.5,0,0,0,0,0,0,140.8793103448276,0,2911.5,2022,6.9,Unknown,Terrifier 2,196.638
59,,,4.237188379310346,44010464.62068965,282622788.5,0,0,0,0,0,0,140.8793103448276,0,2911.5,2022,5.8,Unknown,H.P. Lovecraft's Witch House,196.105
60,,,4.237188379310346,44010464.62068965,282622788.5,0,0,0,0,0,0,140.8793103448276,0,2911.5,2022,7.4,Unknown,The Enforcer,195.819
61,,,4.237188379310346,44010464.62068965,282622788.5,0,0,0,0,0,0,140.8793103448276,0,2911.5,2022,6.8,Unknown,Roald Dahl's Matilda the Musical,194.289
62,,,4.237188379310346,44010464.62068965,282622788.5,0,0,0,0,0,0,140.8793103448276,0,2911.5,2022,5.6,Unknown,13 Exorcisms,194.254
63,,,4.237188379310346,44010464.62068965,282622788.5,0,0,0,0,0,0,140.8793103448276,0,2911.5,2022,7.7,Unknown,The Batman,192.733
64,,,4.237188379310346,44010464.62068965,282622788.5,0,0,0,0,0,0,140.8793103448276,0,2911.5,2022,7.8,Unknown,All Quiet on the Western Front,191.362
65,,,4.237188379310346,44010464.62068965,282622788.5,0,0,0,0,0,0,140.8793103448276,0,2911.5,2000,4.3,Unknown,Dungeons & Dragons,190.166
66,,,4.237188379310346,44010464.62068965,282622788.5,0,0,0,0,0,0,140.8793103448276,0,2911.5,2022,5.3,Unknown,Lord of the Streets,189.952
67,,,4.237188379310346,44010464.62068965,282622788.5,0,0,0,0,0,0,140.8793103448276,0,2911.5,2013,6.7,Unknown,Sword Art Online: Extra Edition,189.355
68,,,4.237188379310346,44010464.62068965,282622788.5,0,0,0,0,0,0,140.8793103448276,0,2911.5,2020,7.7,Unknown,Stand by Me Doraemon 2,186.21
69,,,4.237188379310346,44010464.62068965,282622788.5,0,0,0,0,0,0,140.8793103448276,0,2911.5,2022,6.0,Unknown,Hex,186.199
70,,,4.237188379310346,44010464.62068965,282622788.5,0,0,0,0,0,0,140.8793103448276,0,2911.5,2011,4.8,Unknown,3-D Sex and Zen: Extreme Ecstasy,185.744
71,,,4.237188379310346,44010464.62068965,282622788.5,0,0,0,0,0,0,140.8793103448276,0,2911.5,2022,7.8,Unknown,A Frozen Rooster,185.071
72,,,4.237188379310346,44010464.62068965,282622788.5,0,0,0,0,0,0,140.8793103448276,0,2911.5,2022,7.2,Unknown,Medieval,183.725
73,,,4.237188379310346,44010464.62068965,282622788.5,0,0,0,0,0,0,140.8793103448276,0,2911.5,2022,4.7,Unknown,Orkestra Lurtarra,180.035
74,,,4.237188379310346,44010464.62068965,282622788.5,0,0,0,0,0,0,140.8793103448276,0,2911.5,2022,8.0,Unknown,The Whale,179.116
75,,,4.237188379310346,44010464.62068965,282622788.5,0,0,0,0,0,0,140.8793103448276,0,2911.5,2018,8.3,Unknown,Avengers: Infinity War,179.098
76,,,4.237188379310346,44010464.62068965,282622788.5,0,0,0,0,0,0,140.8793103448276,0,2911.5,2022,7.5,Unknown,Babylon,178.753
77,,,4.237188379310346,44010464.62068965,282622788.5,0,0,0,0,0,0,140.8793103448276,0,2911.5,2022,8.2,Unknown,Guillermo del Toro's Pinocchio,178.696
78,,,4.237188379310346,44010464.62068965,282622788.5,0,0,0,0,0,0,140.8793103448276,0,2911.5,2004,7.2,Unknown,Zatch Bell! 101st Devil,177.951
79,,,4.237188379310346,44010464.62068965,282622788.5,0,0,0,0,0,0,140.8793103448276,0,2911.5,2017,8.1,Unknown,Gifted,177.692
80,,,4.237188379310346,44010464.62068965,282622788.5,0,0,0,0,0,0,140.8793103448276,0,2911.5,2022,7.9,Unknown,Luck,175.115
81,,,4.237188379310346,44010464.62068965,282622788.5,0,0,0,0,0,0,140.8793103448276,0,2911.5,2022,6.3,Unknown,Sick,173.953
82,,,4.237188379310346,44010464.62068965,282622788.5,0,0,0,0,0,0,140.8793103448276,0,2911.5,2022,6.6,Unknown,Big Trip 2: Special Delivery,173.388
83,,,4.237188379310346,44010464.62068965,282622788.5,0,0,0,0,0,0,140.8793103448276,0,2911.5,2022,5.8,Unknown,Project Gemini,166.513
84,,,4.237188379310346,44010464.62068965,282622788.5,0,0,0,0,0,0,140.8793103448276,0,2911.5,2022,6.9,Unknown,Todos lo hacen,164.82
85,,,4.237188379310346,44010464.62068965,282622788.5,0,0,0,0,0,0,140.8793103448276,0,2911.5,2022,7.9,Unknown,A Man Called Otto,163.701
86,,,4.237188379310346,44010464.62068965,282622788.5,0,0,0,0,0,0,140.8793103448276,0,2911.5,2023,5.8,Unknown,Huesera: The Bone Woman,163.572
87,,,4.237188379310346,44010464.62068965,282622788.5,0,0,0,0,0,0,140.8793103448276,0,2911.5,2022,6.8,Unknown,Smile,162.524
88,,,4.237188379310346,44010464.62068965,282622788.5,0,0,0,0,0,0,140.8793103448276,0,2911.5,2009,7.6,Unknown,Avatar,162.028
89,,,4.237188379310346,44010464.62068965,282622788.5,0,0,0,0,0,0,140.8793103448276,0,2911.5,2021,7.6,Unknown,Encanto,161.096
90,,,4.237188379310346,44010464.62068965,282622788.5,0,0,0,0,0,0,140.8793103448276,0,2911.5,2022,6.6,Unknown,Dolphin Boy,160.404
91,,,4.237188379310346,44010464.62068965,282622788.5,0,0,0,0,0,0,140.8793103448276,0,2911.5,2005,7.1,Unknown,"The Chronicles of Narnia: The Lion, the Witch and the Wardrobe",159.744
92,,,4.237188379310346,44010464.62068965,282622788.5,0,0,0,0,0,0,140.8793103448276,0,2911.5,2012,7.5,Unknown,Berserk: The Golden Age Arc II - The Battle for Doldrey,159.65
93,,,4.237188379310346,44010464.62068965,282622788.5,0,0,0,0,0,0,140.8793103448276,0,2911.5,2022,7.4,Unknown,Minions: The Rise of Gru,157.822
94,,,4.237188379310346,44010464.62068965,282622788.5,0,0,0,0,0,0,140.8793103448276,0,2911.5,2021,7.2,Unknown,F9,157.561
95,,,4.237188379310346,44010464.62068965,282622788.5,0,0,0,0,0,0,140.8793103448276,0,2911.5,2005,4.4,Unknown,Dungeons & Dragons: Wrath of the Dragon God,156.863
96,,,4.237188379310346,44010464.62068965,282622788.5,0,0,0,0,0,0,140.8793103448276,0,2911.5,2022,5.6,Unknown,Venus,155.896
97,,,4.237188379310346,44010464.62068965,282622788.5,0,0,0,0,0,0,140.8793103448276,0,2911.5,2022,6.6,Unknown,La Trampa,155.667
98,,,4.237188379310346,44010464.62068965,282622788.5,0,0,0,0,0,0,140.8793103448276,0,2911.5,2022,7.5,Unknown,Turning Red,155.296
99,,,4.237188379310346,44010464.62068965,282622788.5,0,0,0,0,0,0,140.8793103448276,0,2911.5,2022,6.5,Unknown,The Next 365 Days,154.729
100,,,4.237188379310346,44010464.62068965,282622788.5,0,0,0,0,0,0,140.8793103448276,0,2911.5,2019,6.9,Unknown,Fast & Furious Presents: Hobbs & Shaw,152.506
101,,,4.237188379310346,44010464.62068965,282622788.5,0,0,0,0,0,0,140.8793103448276,0,2911.5,2022,7.8,Unknown,Close,152.041
102,,,4.237188379310346,44010464.62068965,282622788.5,0,0,0,0,0,0,140.8793103448276,0,2911.5,2001,7.7,Unknown,Shrek,151.463
103,,,4.237188379310346,44010464.62068965,282622788.5,0,0,0,0,0,0,140.8793103448276,0,2911.5,2022,6.8,Unknown,My Name Is Vendetta,150.022
104,,,4.237188379310346,44010464.62068965,282622788.5,0,0,0,0,0,0,140.8793103448276,0,2911.5,2014,6.5,Unknown,Saint Seiya: Legend of Sanctuary,149.251
105,,,4.237188379310346,44010464.62068965,282622788.5,0,0,0,0,0,0,140.8793103448276,0,2911.5,2022,6.9,Unknown,After Ever Happy,148.675
106,,,4.237188379310346,44010464.62068965,282622788.5,0,0,0,0,0,0,140.8793103448276,0,2911.5,2022,5.3,Unknown,1Up,148.106
107,,,4.237188379310346,44010464.62068965,282622788.5,0,0,0,0,0,0,140.8793103448276,0,2911.5,2022,2.0,Unknown,Yuku et la fleur de l’Himalaya,147.729
108,,,4.237188379310346,44010464.62068965,282622788.5,0,0,0,0,0,0,140.8793103448276,0,2911.5,2021,7.6,Unknown,Shang-Chi and the Legend of the Ten Rings,147.542
109,,,4.237188379310346,44010464.62068965,282622788.5,0,0,0,0,0,0,140.8793103448276,0,2911.5,2022,8.4,Unknown,20th Century Girl,144.429
110,,,4.237188379310346,44010464.62068965,282622788.5,0,0,0,0,0,0,140.8793103448276,0,2911.5,2021,8.0,Unknown,Sing 2,143.817
111,,,4.237188379310346,44010464.62068965,282622788.5,0,0,0,0,0,0,140.8793103448276,0,2911.5,2022,7.3,Unknown,The Guardians of the Galaxy Holiday Special,142.926
112,,,4.237188379310346,44010464.62068965,282622788.5,0,0,0,0,0,0,140.8793103448276,0,2911.5,2022,6.8,Unknown,Beast,142.395
113,,,4.237188379310346,44010464.62068965,282622788.5,0,0,0,0,0,0,140.8793103448276,0,2911.5,2020,0.0,Unknown,Swapping: A Divorce Trip Between Two Couples,141.708
114,,,4.237188379310346,44010464.62068965,282622788.5,0,0,0,0,0,0,140.8793103448276,0,2911.5,2015,5.0,Unknown,Superfast!,140.969
115,,,4.237188379310346,44010464.62068965,282622788.5,0,0,0,0,0,0,140.8793103448276,0,2911.5,2022,6.8,Unknown,The Boss Baby: Christmas Bonus,140.565
116,,,4.237188379310346,44010464.62068965,282622788.5,0,0,0,0,0,0,140.8793103448276,0,2911.5,2021,8.2,Unknown,Zack Snyder's Justice League,139.887
117,,,4.237188379310346,44010464.62068965,282622788.5,0,0,0,0,0,0,140.8793103448276,0,2911.5,2001,7.9,Unknown,Harry Potter and the Philosopher's Stone,139.161
118,,,4.237188379310346,44010464.62068965,282622788.5,0,0,0,0,0,0,140.8793103448276,0,2911.5,2021,6.5,Unknown,Bad Luck Banging or Loony Porn,138.615
119,,,4.237188379310346,44010464.62068965,282622788.5,0,0,0,0,0,0,140.8793103448276,0,2911.5,1993,4.3,Unknown,Super Mario Bros.,138.491
120,,,4.237188379310346,44010464.62068965,282622788.5,0,0,0,0,0,0,140.8793103448276,0,2911.5,2022,5.7,Unknown,Jeepers Creepers: Reborn,138.165
121,,,4.237188379310346,44010464.62068965,282622788.5,0,0,0,0,0,0,140.8793103448276,0,2911.5,2022,7.5,Unknown,Bullet Train,137.483
122,,,4.237188379310346,44010464.62068965,282622788.5,0,0,0,0,0,0,140.8793103448276,0,2911.5,2022,6.9,Unknown,Disenchanted,137.32
123,,,4.237188379310346,44010464.62068965,282622788.5,0,0,0,0,0,0,140.8793103448276,0,2911.5,2022,5.3,Unknown,There Are No Saints,136.313
124,,,4.237188379310346,44010464.62068965,282622788.5,0,0,0,0,0,0,140.8793103448276,0,2911.5,2012,7.4,Unknown,Berserk: The Golden Age Arc I - The Egg of the King,135.192
125,,,4.237188379310346,44010464.62068965,282622788.5,0,0,0,0,0,0,140.8793103448276,0,2911.5,2022,6.7,Unknown,Blade of the 47 Ronin,134.677
126,,,4.237188379310346,44010464.62068965,282622788.5,0,0,0,0,0,0,140.8793103448276,0,2911.5,2021,6.9,Unknown,Venom: Let There Be Carnage,134.294
127,,,4.237188379310346,44010464.62068965,282622788.5,0,0,0,0,0,0,140.8793103448276,0,2911.5,2021,7.7,Unknown,Godzilla vs. Kong,133.878
128,,,4.237188379310346,44010464.62068965,282622788.5,0,0,0,0,0,0,140.8793103448276,0,2911.5,2022,7.0,Unknown,Hotel Transylvania: Transformania,133.495
129,,,4.237188379310346,44010464.62068965,282622788.5,0,0,0,0,0,0,140.8793103448276,0,2911.5,2014,7.9,Unknown,Guardians of the Galaxy,133.288
130,,,4.237188379310346,44010464.62068965,282622788.5,0,0,0,0,0,0,140.8793103448276,0,2911.5,2019,5.2,Unknown,Delicious Room Salon Service 2,132.414
131,,,4.237188379310346,44010464.62068965,282622788.5,0,0,0,0,0,0,140.8793103448276,0,2911.5,2014,7.4,Unknown,John Wick,132.141
132,,,4.237188379310346,44010464.62068965,282622788.5,0,0,0,0,0,0,140.8793103448276,0,2911.5,2022,7.0,Unknown,Uncharted,131.743
133,,,4.237188379310346,44010464.62068965,282622788.5,0,0,0,0,0,0,140.8793103448276,0,2911.5,2022,7.4,Unknown,"Lyle, Lyle, Crocodile",131.718
134,,,4.237188379310346,44010464.62068965,282622788.5,0,0,0,0,0,0,140.8793103448276,0,2911.5,2022,5.8,Unknown,365 Days: This Day,129.459
135,,,4.237188379310346,44010464.62068965,282622788.5,0,0,0,0,0,0,140.8793103448276,0,2911.5,2023,6.5,Unknown,What's Love Got to Do with It?,129.234
136,,,4.237188379310346,44010464.62068965,282622788.5,0,0,0,0,0,0,140.8793103448276,0,2911.5,2022,7.2,Unknown,The Exorcism of God,129.084
137,,,4.237188379310346,44010464.62068965,282622788.5,0,0,0,0,0,0,140.8793103448276,0,2911.5,1985,6.0,Unknown,High School Teacher: Maturing,128.619
138,,,4.237188379310346,44010464.62068965,282622788.5,0,0,0,0,0,0,140.8793103448276,0,2911.5,2022,5.6,Unknown,The Last Heretic,128.594
139,,,4.237188379310346,44010464.62068965,282622788.5,0,0,0,0,0,0,140.8793103448276,0,2911.5,2013,8.0,Unknown,The Wolf of Wall Street,127.091
140,,,4.237188379310346,44010464.62068965,282622788.5,0,0,0,0,0,0,140.8793103448276,0,2911.5,2022,6.4,Unknown,Prancer: A Christmas Tale,127.033
141,,,4.237188379310346,44010464.62068965,282622788.5,0,0,0,0,0,0,140.8793103448276,0,2911.5,2022,6.5,Unknown,Savage Salvation,125.488
142,,,4.237188379310346,44010464.62068965,282622788.5,0,0,0,0,0,0,140.8793103448276,0,2911.5,2015,7.2,Unknown,Furious 7,124.415
143,,,4.237188379310346,44010464.62068965,282622788.5,0,0,0,0,0,0,140.8793103448276,0,2911.5,2022,6.3,Unknown,Fullmetal Alchemist: The Final Alchemy,124.297
144,,,4.237188379310346,44010464.62068965,282622788.5,0,0,0,0,0,0,140.8793103448276,0,2911.5,2022,6.8,Unknown,Fantastic Beasts: The Secrets of Dumbledore,124.246
145,,,4.237188379310346,44010464.62068965,282622788.5,0,0,0,0,0,0,140.8793103448276,0,2911.5,2022,6.6,Unknown,The Lost City,123.532
146,,,4.237188379310346,44010464.62068965,282622788.5,0,0,0,0,0,0,140.8793103448276,0,2911.5,2022,5.7,Unknown,The Offering,122.936
147,,,4.237188379310346,44010464.62068965,282622788.5,0,0,0,0,0,0,140.8793103448276,0,2911.5,1981,7.3,Unknown,The Evil Dead,122.736
148,,,4.237188379310346,44010464.62068965,282622788.5,0,0,0,0,0,0,140.8793103448276,0,2911.5,2017,6.9,Unknown,The Fate of the Furious,122.716
149,,,4.237188379310346,44010464.62068965,282622788.5,0,0,0,0,0,0,140.8793103448276,0,2911.5,2004,6.9,Unknown,"I, Robot",122.025
150,,,4.237188379310346,44010464.62068965,282622788.5,0,0,0,0,0,0,140.8793103448276,0,2911.5,2022,6.5,Unknown,Strange World,121.802
151,,,4.237188379310346,44010464.62068965,282622788.5,0,0,0,0,0,0,140.8793103448276,0,2911.5,1985,5.0,Unknown,On the Beach,120.806
152,,,4.237188379310346,44010464.62068965,282622788.5,0,0,0,0,0,0,140.8793103448276,0,2911.5,2022,6.9,Unknown,Goliath,120.77
153,,,4.237188379310346,44010464.62068965,282622788.5,0,0,0,0,0,0,140.8793103448276,0,2911.5,2021,7.1,Unknown,Mortal Kombat,120.608
154,,,4.237188379310346,44010464.62068965,282622788.5,0,0,0,0,0,0,140.8793103448276,0,2911.5,2022,6.7,Unknown,Breaking,120.51
155,,,4.237188379310346,44010464.62068965,282622788.5,0,0,0,0,0,0,140.8793103448276,0,2911.5,1977,8.2,Unknown,Star Wars,120.016
156,,,4.237188379310346,44010464.62068965,282622788.5,0,0,0,0,0,0,140.8793103448276,0,2911.5,2015,5.9,Unknown,Fifty Shades of Grey,119.588
157,,,4.237188379310346,44010464.62068965,282622788.5,0,0,0,0,0,0,140.8793103448276,0,2911.5,2022,6.6,Unknown,Athena,119.014
158,,,4.237188379310346,44010464.62068965,282622788.5,0,0,0,0,0,0,140.8793103448276,0,2911.5,1996,7.4,Unknown,Scream,118.804
159,,,4.237188379310346,44010464.62068965,282622788.5,0,0,0,0,0,0,140.8793103448276,0,2911.5,2022,6.5,Unknown,Project Wolf Hunting,117.89
160,,,4.237188379310346,44010464.62068965,282622788.5,0,0,0,0,0,0,140.8793103448276,0,2911.5,2022,6.4,Unknown,Orgasm Inc: The Story of OneTaste,117.788
161,,,4.237188379310346,44010464.62068965,282622788.5,0,0,0,0,0,0,140.8793103448276,0,2911.5,2003,7.8,Unknown,Pirates of the Caribbean: The Curse of the Black Pearl,117.687
162,,,4.237188379310346,44010464.62068965,282622788.5,0,0,0,0,0,0,140.8793103448276,0,2911.5,2022,7.1,Unknown,Glass Onion: A Knives Out Mystery,117.341
163,,,4.237188379310346,44010464.62068965,282622788.5,0,0,0,0,0,0,140.8793103448276,0,2911.5,2016,8.2,Unknown,Hacksaw Ridge,117.16
164,,,4.237188379310346,44010464.62068965,282622788.5,0,0,0,0,0,0,140.8793103448276,0,2911.5,2019,3.0,Unknown,Friend's Young Mom,117.124
165,,,4.237188379310346,44010464.62068965,282622788.5,0,0,0,0,0,0,140.8793103448276,0,2911.5,2022,4.8,Unknown,The Surprise Visit,117.09
166,,,4.237188379310346,44010464.62068965,282622788.5,0,0,0,0,0,0,140.8793103448276,0,2911.5,2022,6.2,Unknown,Cop Secret,115.957
167,,,4.237188379310346,44010464.62068965,282622788.5,0,0,0,0,0,0,140.8793103448276,0,2911.5,2018,6.7,Unknown,Fifty Shades Freed,114.428
168,,,4.237188379310346,44010464.62068965,282622788.5,0,0,0,0,0,0,140.8793103448276,0,2911.5,1990,6.0,Unknown,Erotic Ghost Story,113.499
169,,,4.237188379310346,44010464.62068965,282622788.5,0,0,0,0,0,0,140.8793103448276,0,2911.5,2022,6.8,Unknown,Samaritan,113.003
170,,,4.237188379310346,44010464.62068965,282622788.5,0,0,0,0,0,0,140.8793103448276,0,2911.5,2002,7.7,Unknown,Harry Potter and the Chamber of Secrets,112.79
171,,,4.237188379310346,44010464.62068965,282622788.5,0,0,0,0,0,0,140.8793103448276,0,2911.5,2016,7.9,Unknown,Me Before You,112.637
172,,,4.237188379310346,44010464.62068965,282622788.5,0,0,0,0,0,0,140.8793103448276,0,2911.5,2004,7.2,Unknown,Shrek 2,111.86
173,,,4.237188379310346,44010464.62068965,282622788.5,0,0,0,0,0,0,140.8793103448276,0,2911.5,2022,7.1,Unknown,The School for Good and Evil,111.647
174,,,4.237188379310346,44010464.62068965,282622788.5,0,0,0,0,0,0,140.8793103448276,0,2911.5,2014,7.2,Unknown,"One Piece ""3D2Y"": Overcome Ace's Death! Luffy's Vow to his Friends",111.553
175,,,4.237188379310346,44010464.62068965,282622788.5,0,0,0,0,0,0,140.8793103448276,0,2911.5,2015,5.8,Unknown,Hitman: Agent 47,111.524
176,,,4.237188379310346,44010464.62068965,282622788.5,0,0,0,0,0,0,140.8793103448276,0,2911.5,2022,5.6,Unknown,Con los años que nos quedan,111.138
177,,,4.237188379310346,44010464.62068965,282622788.5,0,0,0,0,0,0,140.8793103448276,0,2911.5,2022,7.9,Unknown,Dragon Ball Super: Super Hero,111.11
178,,,4.237188379310346,44010464.62068965,282622788.5,0,0,0,0,0,0,140.8793103448276,0,2911.5,2023,6.0,Unknown,Kids vs. Aliens,110.995
179,,,4.237188379310346,44010464.62068965,282622788.5,0,0,0,0,0,0,140.8793103448276,0,2911.5,2001,7.8,Unknown,"Monsters, Inc.",110.416
180,,,4.237188379310346,44010464.62068965,282622788.5,0,0,0,0,0,0,140.8793103448276,0,2911.5,2022,4.5,Unknown,Just Retired 2,110.356
181,,,4.237188379310346,44010464.62068965,282622788.5,0,0,0,0,0,0,140.8793103448276,0,2911.5,2018,7.0,Unknown,Creed II,110.223
182,,,4.237188379310346,44010464.62068965,282622788.5,0,0,0,0,0,0,140.8793103448276,0,2911.5,2023,5.9,Unknown,The Price We Pay,110.154
183,,,4.237188379310346,44010464.62068965,282622788.5,0,0,0,0,0,0,140.8793103448276,0,2911.5,2009,7.7,Unknown,Harry Potter and the Half-Blood Prince,109.636
184,,,4.237188379310346,44010464.62068965,282622788.5,0,0,0,0,0,0,140.8793103448276,0,2911.5,2019,7.1,Unknown,After,109.584
185,,,4.237188379310346,44010464.62068965,282622788.5,0,0,0,0,0,0,140.8793103448276,0,2911.5,2014,5.9,Unknown,Transformers: Age of Extinction,109.492
186,,,4.237188379310346,44010464.62068965,282622788.5,0,0,0,0,0,0,140.8793103448276,0,2911.5,2022,7.1,Unknown,The Northman,108.028
187,,,4.237188379310346,44010464.62068965,282622788.5,0,0,0,0,0,0,140.8793103448276,0,2911.5,2022,6.2,Unknown,Nocebo,107.839
188,,,4.237188379310346,44010464.62068965,282622788.5,0,0,0,0,0,0,140.8793103448276,0,2911.5,2022,5.8,Unknown,Shark Bait,107.605
189,,,4.237188379310346,44010464.62068965,282622788.5,0,0,0,0,0,0,140.8793103448276,0,2911.5,2009,7.8,Unknown,Coraline,107.225
190,,,4.237188379310346,44010464.62068965,282622788.5,0,0,0,0,0,0,140.8793103448276,0,2911.5,2022,7.8,Unknown,The Black Phone,107.108
191,,,4.237188379310346,44010464.62068965,282622788.5,0,0,0,0,0,0,140.8793103448276,0,2911.5,2022,6.8,Unknown,Orphan: First Kill,107.027
192,,,4.237188379310346,44010464.62068965,282622788.5,0,0,0,0,0,0,140.8793103448276,0,2911.5,2014,6.8,Unknown,The Hunger Games: Mockingjay - Part 1,106.935
193,,,4.237188379310346,44010464.62068965,282622788.5,0,0,0,0,0,0,140.8793103448276,0,2911.5,1994,7.7,Unknown,Ranma ½: The Movie 3 — The Super Non-Discriminatory Showdown: Team Ranma vs. the Legendary Phoenix,106.81
194,,,4.237188379310346,44010464.62068965,282622788.5,0,0,0,0,0,0,140.8793103448276,0,2911.5,2022,6.6,Unknown,The Ledge,106.26
195,,,4.237188379310346,44010464.62068965,282622788.5,0,0,0,0,0,0,140.8793103448276,0,2911.5,2014,8.4,Unknown,Interstellar,106.249
196,,,4.237188379310346,44010464.62068965,282622788.5,0,0,0,0,0,0,140.8793103448276,0,2911.5,1994,8.3,Unknown,The Lion King,106.181
197,,,4.237188379310346,44010464.62068965,282622788.5,0,0,0,0,0,0,140.8793103448276,0,2911.5,2005,7.8,Unknown,Harry Potter and the Goblet of Fire,106.121
198,,,4.237188379310346,44010464.62068965,282622788.5,0,0,0,0,0,0,140.8793103448276,0,2911.5,2022,7.4,Unknown,Hocus Pocus 2,105.952
199,,,4.237188379310346,44010464.62068965,282622788.5,0,0,0,0,0,0,140.8793103448276,0,2911.5,2021,8.1,Unknown,Cruella,105.615
